{"current_loss": 0.0, "current_epoch": 0.09, "learning_rate": 1.1764705882352942e-05, "grad_norm": 0.0, "_timestamp": 1712930006.7039807, "_runtime": 146.12275171279907, "_step": 9, "_wandb": {"runtime": 151}}