{"current_loss": 0.9067285060882568, "current_epoch": 0.02, "learning_rate": 2.6086956521739132e-06, "grad_norm": 13.125, "_timestamp": 1712832288.550693, "_runtime": 20.737910985946655, "_step": 2}