{"current_loss": 0.0, "current_epoch": 0.12, "learning_rate": 1.5294117647058822e-05, "grad_norm": 0.0, "_timestamp": 1712944802.4990094, "_runtime": 162.08124041557312, "_step": 12, "_wandb": {"runtime": 167}}