{"current_loss": 0.0, "current_epoch": 0.05, "learning_rate": 7.058823529411766e-06, "grad_norm": 0.0, "_timestamp": 1712935787.701792, "_runtime": 68.97130489349365, "_step": 5}