{"current_loss": 0.27734375, "current_epoch": 0.94, "learning_rate": 1.646103294747987e-05, "grad_norm": 680.0, "_timestamp": 1712947356.8661768, "_runtime": 1156.440763950348, "_step": 106, "val_loss": 1.432692289352417}