{"current_loss": 196.0, "current_epoch": 0.06, "learning_rate": 8.23529411764706e-06, "grad_norm": 97280.0, "_timestamp": 1712946016.8896267, "_runtime": 78.12148666381836, "_step": 6}